{"means": {"Arecanut": 2.073635437234568, "Arhar/Tur": 0.967347756984252, "Bajra": 2.4274620064561065, "Banana": 26.851127854040815, "Barley": 1.5955400493097642, "Black pepper": 0.8296046303571429, "Cardamom": 0.1683552699054054, "Cashewnut": 3.1204381424402983, "Castor seed": 0.6936094939966667, "Coconut": 8652.000198744186, "Coriander": 0.6482002338542713, "Cotton(lint)": 1.7970441190063025, "Cowpea(Lobia)": 0.8132239215895523, "Dry chillies": 2.078329703491647, "Garlic": 4.544885948904, "Ginger": 6.442201573232198, "Gram": 0.8764689137326531, "Groundnut": 1.360983478711724, "Guar seed": 0.9518750033492064, "Horse-gram": 0.4628220138005391, "Jowar": 1.0724982779980505, "Jute": 7.555392696430939, "Khesari": 0.7889407394533333, "Linseed": 0.47393049192532466, "Maize": 3.4272159774543587, "Masoor": 0.7031530066604939, "Mesta": 5.389203528904762, "Moong(Green Gram)": 0.5309404007337838, "Moth": 0.4459953350454546, "Niger seed": 0.423523330609375, "Oilseeds total": 1.9955592676551723, "Onion": 13.247524628323788, "Other  Rabi pulses": 0.7803798285887323, "Other Cereals": 0.8495458645616438, "Other Kharif pulses": 0.6995134804162303, "Other Summer Pulses": 0.8599253987, "Peas & beans (Pulses)": 1.3938954407669375, "Potato": 13.331717759538218, "Ragi": 1.215408287676707, "Rapeseed &Mustard": 0.7915678563996212, "Rice": 2.218494541018379, "Safflower": 0.5654818957928993, "Sannhamp": 1.27495866810625, "Sesamum": 0.6117499490642335, "Small millets": 0.7687220714474228, "Soyabean": 1.0831943599426934, "Sugarcane": 51.72743941127438, "Sunflower": 0.9340864302335601, "Sweet potato": 9.240788497794872, "Tapioca": 16.66730148311443, "Tobacco": 2.110708415263736, "Turmeric": 3.325392493047478, "Urad": 0.5840477716793997, "Wheat": 2.0050864420862387, "other oilseeds": 1.7892204170396826}, "stds": {"Arecanut": 2.337036009722531, "Arhar/Tur": 3.0097759953516743, "Bajra": 6.600671940745631, "Banana": 20.428811372198446, "Barley": 0.9152567318866562, "Black pepper": 0.835882060203455, "Cardamom": 0.3767374577408285, "Cashewnut": 29.197474642005798, "Castor seed": 0.46393660643369755, "Coconut": 3772.524093249745, "Coriander": 0.7296765462239043, "Cotton(lint)": 4.4594622500014705, "Cowpea(Lobia)": 0.49120427654339627, "Dry chillies": 2.4165774349226425, "Garlic": 3.875642019611459, "Ginger": 6.3730047122998705, "Gram": 0.5435099852070224, "Groundnut": 0.623429358508457, "Guar seed": 1.2967640650783885, "Horse-gram": 0.225086511852477, "Jowar": 0.5185302912459748, "Jute": 5.019372215554522, "Khesari": 0.22855161415107075, "Linseed": 0.22366760875046285, "Maize": 31.688399326133144, "Masoor": 0.23912903251547538, "Mesta": 3.4079724292644413, "Moong(Green Gram)": 0.25341687766380955, "Moth": 0.2578066639158167, "Niger seed": 0.4002365842188033, "Oilseeds total": 1.9821266266324162, "Onion": 23.60376770833148, "Other  Rabi pulses": 0.511245489934344, "Other Cereals": 0.5320839092130232, "Other Kharif pulses": 0.37028564091187677, "Other Summer Pulses": 0.7098068488945912, "Peas & beans (Pulses)": 1.7633069574923925, "Potato": 20.328776158867477, "Ragi": 0.6883063691232353, "Rapeseed &Mustard": 0.583337925383131, "Rice": 0.8024593804955839, "Safflower": 0.2370296179516746, "Sannhamp": 1.7386675093277875, "Sesamum": 2.9122623092746918, "Small millets": 0.3548052792067722, "Soyabean": 0.41849065009470277, "Sugarcane": 30.60871313803522, "Sunflower": 0.5203975253134167, "Sweet potato": 5.014707387645564, "Tapioca": 11.329863863250345, "Tobacco": 3.6554769263968363, "Turmeric": 3.4423317212551834, "Urad": 0.301862151827221, "Wheat": 1.0804657643132722, "other oilseeds": 3.952543897353811}}